,R2,MAE,RMSE,Kurtosis,Skew
total,0.3028298529823924,1.5443539865011215,2.141078284530107,708.8156470430938,8.968982368941324
fold_0,0.2779598828358639,1.562799623544511,2.1758540855847843,1198.5550974512857,13.930949714937935
fold_1,0.210815913853999,1.483870056008131,2.038348841734583,10.393210051483146,1.6992539335502996
fold_2,0.3256379867795163,1.5088326407588442,2.043163778279218,7.093476714193635,0.850029585445157
